Company Name,City,State,Email,Website,Phone,Profile URL
AQUA MOBILE DETAILING,Clearwater,FL,,http://www.aquamobiledetailing.net/,(727) 221-4468,https://marine-detail-directory.vercel.app/companies/aqua-mobile-detailing
Aqua Clean Detailing & Coatings,Clearwater,FL,,https://aquacleanfl.com/,(727) 310-8332,https://marine-detail-directory.vercel.app/companies/aqua-clean-detailing-and-coatings
"Captain Levi's Fiberglass, Boat Repair, & Boat Detailing",Clearwater,FL,,http://www.captainlevis.com/,(727) 391-7639,https://marine-detail-directory.vercel.app/companies/captain-levis-fiberglass-boat-repair-and-boat-detailing
Exceptional Detailing Inc,Clearwater,FL,,http://www.exceptionaldetail.com/,(727) 235-4379,https://marine-detail-directory.vercel.app/companies/exceptional-detailing-inc
Gulf Marine of Clearwater,Clearwater,FL,,http://www.gulfmarineofclearwater.com/,(727) 442-5175,https://marine-detail-directory.vercel.app/companies/gulf-marine-of-clearwater
Hull 2 Prop - Diving & Marine Services,Clearwater,FL,,http://www.hull2prop.com/,(239) 316-8922,https://marine-detail-directory.vercel.app/companies/hull-2-prop-diving-and-marine-services
Luxury Boat Detailing,Clearwater,FL,,https://www.luxuryboatdetailing.com/,(727) 474-1717,https://marine-detail-directory.vercel.app/companies/luxury-boat-detailing
MS Auto and marine detailing,Clearwater,FL,,https://mscarwash.com/,(727) 692-9728,https://marine-detail-directory.vercel.app/companies/ms-auto-and-marine-detailing
"West Florida Yacht & Marine, LLC",Clearwater,FL,,http://www.westfloridayacht.com/,(727) 667-5358,https://marine-detail-directory.vercel.app/companies/west-florida-yacht-and-marine-llc
A Marine Detailing Inc,Fort Lauderdale,FL,,https://www.southfloridaboatdetailing.com/,(954) 383-4974,https://marine-detail-directory.vercel.app/companies/a-marine-detailing-inc
A Plus Marine Detailing Inc / DBA A+ Marine Detailing,Fort Lauderdale,FL,,http://www.aplusmarinedetailing.com/,(954) 383-4974,https://marine-detail-directory.vercel.app/companies/a-plus-marine-detailing-inc-dba-a-marine-detailing
About Boats FL | Boat Services and Maintenance,Fort Lauderdale,FL,,http://www.aboutboatsfl.com/,(954) 734-5820,https://marine-detail-directory.vercel.app/companies/about-boats-fl-or-boat-services-and-maintenance
Adrian's Yacht Services - Marine Wash & Detailing Services,Fort Lauderdale,FL,,http://www.adriansyachtservices.com/,(954) 998-3711,https://marine-detail-directory.vercel.app/companies/adrians-yacht-services-marine-wash-and-detailing-services
All Class Detailing,Fort Lauderdale,FL,,https://allclassdetailing.com/pages/contact,(954) 530-6502,https://marine-detail-directory.vercel.app/companies/all-class-detailing
Alves Boat Cleaning Service,Fort Lauderdale,FL,,https://alvesyachtmanagement.com/,(305) 970-7184,https://marine-detail-directory.vercel.app/companies/alves-boat-cleaning-service
Arpex Pro Yacht Maintenance,Fort Lauderdale,FL,,http://arpexyacht.com/,(754) 366-8177,https://marine-detail-directory.vercel.app/companies/arpex-pro-yacht-maintenance
Bluestar Marine FL,Fort Lauderdale,FL,,https://bluestarmarinefl.com/,(954) 933-6000,https://marine-detail-directory.vercel.app/companies/bluestar-marine-fl
Boat Zone Detailing,Fort Lauderdale,FL,,http://www.boatzonedetailing.com/,(786) 747-6299,https://marine-detail-directory.vercel.app/companies/boat-zone-detailing
Dlux Polish - Boat Polishing & Ceramic Coating,Fort Lauderdale,FL,,https://www.dluxpolish.com/,(954) 644-2183,https://marine-detail-directory.vercel.app/companies/dlux-polish-boat-polishing-and-ceramic-coating
Easy Boat Management,Fort Lauderdale,FL,,http://www.easyboatmanagement.com/,(754) 799-0412,https://marine-detail-directory.vercel.app/companies/easy-boat-management
Freedom Yacht Services,Fort Lauderdale,FL,,http://www.freedomyachts.com/,(954) 732-8916,https://marine-detail-directory.vercel.app/companies/freedom-yacht-services
Garcia Boat Detailing,Fort Lauderdale,FL,,https://www.garciaboatdetailing.com/,(954) 867-6805,https://marine-detail-directory.vercel.app/companies/garcia-boat-detailing
General Boat Services Corporation,Fort Lauderdale,FL,,https://generalboatservice.com/,(954) 412-1495,https://marine-detail-directory.vercel.app/companies/general-boat-services-corporation
German Detailing,Fort Lauderdale,FL,,https://germandetailing.us/,(305) 965-8363,https://marine-detail-directory.vercel.app/companies/german-detailing
High Class Marine Fort Lauderdale,Fort Lauderdale,FL,,https://waxtheboat.com/fort-lauderdale/,(754) 235-8245,https://marine-detail-directory.vercel.app/companies/high-class-marine-fort-lauderdale
High Class Marine Maintenance LLC,Fort Lauderdale,FL,,http://www.waxtheboat.com/,(754) 235-8245,https://marine-detail-directory.vercel.app/companies/high-class-marine-maintenance-llc
Il Boats Refinishing Corp,Fort Lauderdale,FL,,https://www.ilboatsfl.com/,(954) 639-9602,https://marine-detail-directory.vercel.app/companies/il-boats-refinishing-corp
Kleen All Boats,Fort Lauderdale,FL,,https://www.kleenallboats.com/,(941) 356-7769,https://marine-detail-directory.vercel.app/companies/kleen-all-boats
Magna Marine Services,Fort Lauderdale,FL,,http://magnamarineservices.com/,(954) 661-7311,https://marine-detail-directory.vercel.app/companies/magna-marine-services
Marine Detail Supply Fort Lauderdale,Fort Lauderdale,FL,,https://marinedetailsupplyftlauderdale.com/,(754) 732-1937,https://marine-detail-directory.vercel.app/companies/marine-detail-supply-fort-lauderdale
Marine Pointe,Fort Lauderdale,FL,,https://marinepointe.com/,(954) 884-8322,https://marine-detail-directory.vercel.app/companies/marine-pointe
Mega Yacht Cleaning,Fort Lauderdale,FL,,http://www.megayachtcleaning.com/,(954) 448-8899,https://marine-detail-directory.vercel.app/companies/mega-yacht-cleaning
Newmil Marine,Fort Lauderdale,FL,,http://newmilmarine.com/,(954) 327-3009,https://marine-detail-directory.vercel.app/companies/newmil-marine
OC Detailing Yacht Services LLC,Fort Lauderdale,FL,,https://www.browardboatdetailing.com/,(561) 221-1630,https://marine-detail-directory.vercel.app/companies/oc-detailing-yacht-services-llc
Proficient Marine,Fort Lauderdale,FL,,http://proficientmarine.com/,(954) 328-8393,https://marine-detail-directory.vercel.app/companies/proficient-marine
Sunflo Detailing,Fort Lauderdale,FL,,https://www.sunflodetailing.com/,(954) 235-6882,https://marine-detail-directory.vercel.app/companies/sunflo-detailing
Swift Marine Yacht Management Fort Lauderdale,Fort Lauderdale,FL,,https://swiftmarineinc.com/fort-lauderdale-yacht-management/,(800) 978-0645,https://marine-detail-directory.vercel.app/companies/swift-marine-yacht-management-fort-lauderdale
Ten-Tex Boating,Fort Lauderdale,FL,,http://www.tentexboating.com/,(954) 849-1949,https://marine-detail-directory.vercel.app/companies/ten-tex-boating
Too Clean Marine,Fort Lauderdale,FL,,https://www.toocleanmarine.com/,(954) 800-8603,https://marine-detail-directory.vercel.app/companies/too-clean-marine
Top of The Line Mobile detailing | ceramic coatings,Fort Lauderdale,FL,,https://www.facebook.com/share/18ZCj9uxDv/?mibextid=wwXIfr,(973) 222-3389,https://marine-detail-directory.vercel.app/companies/top-of-the-line-mobile-detailing-or-ceramic-coatings
Yacht Kings Marine Detailing,Fort Lauderdale,FL,,http://www.yachtkingsmarine.com/,(754) 252-5936,https://marine-detail-directory.vercel.app/companies/yacht-kings-marine-detailing
"Yacht Management Professionals, LLC",Fort Lauderdale,FL,,http://www.yachtmanagement.pro/?utm_source=GBP&utm_medium=GBP&utm_campaign=GBP,(954) 527-2626,https://marine-detail-directory.vercel.app/companies/yacht-management-professionals-llc
"Yacht Management South Florida, Inc.",Fort Lauderdale,FL,,https://www.myyachtmanagement.com/?utm_source=GMBlisting&utm_medium=organic,(954) 941-6447,https://marine-detail-directory.vercel.app/companies/yacht-management-south-florida-inc
Yacht Surface Restoration,Fort Lauderdale,FL,,https://yachtsurfacerestoration.com/,(754) 206-2653,https://marine-detail-directory.vercel.app/companies/yacht-surface-restoration
Adamec Marine,Jacksonville,FL,,https://www.adamecmarine.com/?utm_source=GMB&utm_medium=Website&utm_campaign=Mapstakeover,(904) 207-6335,https://marine-detail-directory.vercel.app/companies/adamec-marine
Anchors Up Marine Detailing and Gelcoat Repair,Jacksonville,FL,,http://anchorsupdetailing.com/,(904) 200-7703,https://marine-detail-directory.vercel.app/companies/anchors-up-marine-detailing-and-gelcoat-repair
Atlantic Coast Marine,Jacksonville,FL,,https://www.atlanticcoastmarine.com/,(904) 221-0793,https://marine-detail-directory.vercel.app/companies/atlantic-coast-marine
Atlantic Marine Cleaning,Jacksonville,FL,,http://www.marinecleaning.com/,(904) 350-0006,https://marine-detail-directory.vercel.app/companies/atlantic-marine-cleaning
Bear Boats Fiberglass & Repair,Jacksonville,FL,,http://www.bearboatsrepair.com/,(904) 945-4019,https://marine-detail-directory.vercel.app/companies/bear-boats-fiberglass-and-repair
Boat Brothers Fiberglass & Gelcoat,Jacksonville,FL,,https://www.boatbrothersco.com/,(904) 508-5125,https://marine-detail-directory.vercel.app/companies/boat-brothers-fiberglass-and-gelcoat
Boathouse Discount Marine LLC,Jacksonville,FL,,http://www.boathousediscountmarine.com/,(904) 778-7775,https://marine-detail-directory.vercel.app/companies/boathouse-discount-marine-llc
Excel Professional Detailing & Fiberglass Inc,Jacksonville,FL,,http://www.excelfiberglassanddetailing.com/,(904) 716-2803,https://marine-detail-directory.vercel.app/companies/excel-professional-detailing-and-fiberglass-inc
Fine Line Detailing,Jacksonville,FL,,http://www.finelinedetail.com/,(904) 386-5600,https://marine-detail-directory.vercel.app/companies/fine-line-detailing
Florida Marine Detailing,Jacksonville,FL,,http://flmarinedetailing.com/,(904) 614-7560,https://marine-detail-directory.vercel.app/companies/florida-marine-detailing
Jacksonville Mobile Marine Service LLC,Jacksonville,FL,,http://mobilemarinemechanicjacksonville.com/,(904) 984-1047,https://marine-detail-directory.vercel.app/companies/jacksonville-mobile-marine-service-llc
Lost Island Mobile Detailing and Cleaning,Jacksonville,FL,,http://lostislanddetailing.com/,(904) 413-1026,https://marine-detail-directory.vercel.app/companies/lost-island-mobile-detailing-and-cleaning
Mavinate - Boat Detailing & Restoration,Jacksonville,FL,,http://www.mavinated.com/,(386) 566-6483,https://marine-detail-directory.vercel.app/companies/mavinate-boat-detailing-and-restoration
Moran’s Performance Detailing,Jacksonville,FL,,https://www.moransperformancedetailing.com/,(904) 717-7127,https://marine-detail-directory.vercel.app/companies/morans-performance-detailing
Off The Chart Boat Works & Fiberglass,Jacksonville,FL,,https://www.facebook.com/Off-The-Chart-Boat-Works-1482535878474061/,(904) 252-5378,https://marine-detail-directory.vercel.app/companies/off-the-chart-boat-works-and-fiberglass
Red Top Detailing & Ceramic Coating,Jacksonville,FL,,http://www.redtopdetailing.com/,(904) 372-3252,https://marine-detail-directory.vercel.app/companies/red-top-detailing-and-ceramic-coating
Shine Time Auto and Boat Detailing LLC,Jacksonville,FL,,https://www.facebook.com/profile.php?id=100071166310131,(904) 660-1244,https://marine-detail-directory.vercel.app/companies/shine-time-auto-and-boat-detailing-llc
St Johns Boat Co,Jacksonville,FL,,http://www.stjmarinegroup.com/our-companies/st-johns-boat-co/,(904) 251-3707,https://marine-detail-directory.vercel.app/companies/st-johns-boat-co
3D Boat Yard,Key West,FL,,http://www.3dboatyard.com/,(305) 294-0808,https://marine-detail-directory.vercel.app/companies/3d-boat-yard
A&F Marine Service and Detailing,Key West,FL,,https://afmarineservices.com/,(305) 619-8491,https://marine-detail-directory.vercel.app/companies/aandf-marine-service-and-detailing
All Keys Marine,Key West,FL,,http://www.allkeysmarine.com/,(305) 587-1188,https://marine-detail-directory.vercel.app/companies/all-keys-marine
"Boat Services Group, llc",Key West,FL,,http://bsgkw.com/,(305) 320-0555,https://marine-detail-directory.vercel.app/companies/boat-services-group-llc
"Boat and Yacht Bottom Cleaning, Sail Repair, Canvas, Cushions, Bimini tops, SCUBA and more",Key West,FL,,http://fb.com/TyMorlangSCUBA,(786) 297-3719,https://marine-detail-directory.vercel.app/companies/boat-and-yacht-bottom-cleaning-sail-repair-canvas-cushions-bimini-tops-scuba-and-more
Cool Running Marine Spa,Key West,FL,,https://www.coolrunningmarinespa.net/,(305) 896-7920,https://marine-detail-directory.vercel.app/companies/cool-running-marine-spa
Florida Keys Mobile Marine,Key West,FL,,https://www.floridakeysmarinemechanic.com/,(305) 240-3529,https://marine-detail-directory.vercel.app/companies/florida-keys-mobile-marine
GSN MARINE SERVICES,Key West,FL,,https://www.gsnmarineservices.com/,(305) 922-4396,https://marine-detail-directory.vercel.app/companies/gsn-marine-services
Harbor Marine,Key West,FL,,http://www.store.harbormarine.us/,(305) 394-2825,https://marine-detail-directory.vercel.app/companies/harbor-marine
Hull's Angels Bottom Cleaning,Key West,FL,,https://hullsangelskw.com/,(305) 723-4855,https://marine-detail-directory.vercel.app/companies/hulls-angels-bottom-cleaning
Key Marine Service,Key West,FL,,http://www.keymarineservice.com/,(305) 767-3606,https://marine-detail-directory.vercel.app/companies/key-marine-service
Key West Bottom Cleaners,Key West,FL,,https://www.keywestbottomcleaners.com/,(305) 849-0137,https://marine-detail-directory.vercel.app/companies/key-west-bottom-cleaners
Local Waters Marine Repair,Key West,FL,,https://www.localwatersmarinerepair.com/,(786) 490-3156,https://marine-detail-directory.vercel.app/companies/local-waters-marine-repair
Mobile Marine Key West,Key West,FL,,https://mobilemarinekeywest.com/,(305) 395-1924,https://marine-detail-directory.vercel.app/companies/mobile-marine-key-west
Old Town Marine - Key West,Key West,FL,,http://www.oldtownmarine.com/?utm_campaign=gmb,(305) 771-0927,https://marine-detail-directory.vercel.app/companies/old-town-marine-key-west
Old Town Marine - Marathon,Key West,FL,,https://www.oldtownmarine.com/?utm_campaign=gmb,(786) 807-8529,https://marine-detail-directory.vercel.app/companies/old-town-marine-marathon
Ride Clean Key West,Key West,FL,,http://mobiledetailingkeywest.com/,(305) 731-3699,https://marine-detail-directory.vercel.app/companies/ride-clean-key-west
Spencer's Boat Yard,Key West,FL,,https://spencersboatyard.com/,(305) 296-8826,https://marine-detail-directory.vercel.app/companies/spencers-boat-yard
"Sundukserve - Wash and Wax RV, Car, Boat in Stock Island, Key West & Marathon, FL and the Florida Keys",Key West,FL,,http://www.sundukserve.com/,(224) 401-2617,https://marine-detail-directory.vercel.app/companies/sundukserve-wash-and-wax-rv-car-boat-in-stock-island-key-west-and-marathon-fl-and-the-florida-keys
Wax On Marine,Key West,FL,,http://waxonmarine.com/,(305) 563-1594,https://marine-detail-directory.vercel.app/companies/wax-on-marine
Boat Works Miami,Miami,FL,,http://boatworksmiami.com/,(305) 401-0212,https://marine-detail-directory.vercel.app/companies/boat-works-miami
Dee's Boat Care,Miami,FL,,https://deesboatcare.com/,(786) 217-5867,https://marine-detail-directory.vercel.app/companies/dees-boat-care
Global Yacht Detailing Inc.,Miami,FL,,https://globalyachtdetailing.com/?utm_campaign=gmb,(954) 624-2329,https://marine-detail-directory.vercel.app/companies/global-yacht-detailing-inc
MH Magic Hands Marine Detailing (Coral Gables),Miami,FL,,https://www.mhmarinedetailing.com/,,https://marine-detail-directory.vercel.app/companies/mh-magic-hands-marine-detailing-coral-gables
MH Marine Detailing,Miami,FL,,https://www.mhmarinedetailing.com/?utm_source=google&utm_medium=wix_google_business_profile&utm_campaign=4185255643094713017,(305) 898-4839,https://marine-detail-directory.vercel.app/companies/mh-marine-detailing
Magic Hands Marine Detailing (North Miami),Miami,FL,,https://www.mhmarinedetailing.com/,(305) 898-4839,https://marine-detail-directory.vercel.app/companies/magic-hands-marine-detailing-north-miami
Miami Yacht Detail Llc,Miami,FL,,http://www.miamiyachtdetail.com/,(786) 718-0114,https://marine-detail-directory.vercel.app/companies/miami-yacht-detail-llc
National Boat Service,Miami,FL,,http://nationalboatservice.com/,(954) 806-8202,https://marine-detail-directory.vercel.app/companies/national-boat-service
Professional Specialty Auto and Boat Detailing,Miami,FL,,https://psacdetailing.com/,(786) 532-3486,https://marine-detail-directory.vercel.app/companies/professional-specialty-auto-and-boat-detailing
S.o.s. Boat Detailing Miami,Miami,FL,,http://www.sosdetailing.com/,(305) 798-0690,https://marine-detail-directory.vercel.app/companies/sos-boat-detailing-miami
"Someone To Do It - Boat Cleaning, Detailing and Management",Miami,FL,,https://www.sobeyama.com/,(305) 861-2433,https://marine-detail-directory.vercel.app/companies/someone-to-do-it-boat-cleaning-detailing-and-management
Someone To Do It Marina & Boat Yard,Miami,FL,,https://sobeyama.com/,(305) 861-2433,https://marine-detail-directory.vercel.app/companies/someone-to-do-it-marina-and-boat-yard
South Florida Marine Detailing,Miami,FL,,http://sflboatdetailing.com/,(954) 295-2533,https://marine-detail-directory.vercel.app/companies/south-florida-marine-detailing
Sunshine Detailing,Miami,FL,,http://www.sundetailing.com/,(786) 453-0000,https://marine-detail-directory.vercel.app/companies/sunshine-detailing
Swift Marine Boat Detailing,Miami,FL,,https://swiftmarineinc.com/miami-yacht-management/miami-boat-detailing/,(800) 978-0645,https://marine-detail-directory.vercel.app/companies/swift-marine-boat-detailing
Yacht Pro USA - Boat Cleaning Service,Miami,FL,,https://yachtprousa.com/,(754) 235-7434,https://marine-detail-directory.vercel.app/companies/yacht-pro-usa-boat-cleaning-service
Attention To Detail SWFL,Naples,FL,,http://boatcleaningfl.com/,(239) 601-2905,https://marine-detail-directory.vercel.app/companies/attention-to-detail-swfl
BREEZY AUTO AND BOAT DETAILING LLC,Naples,FL,,https://www.breezyautoandboatdetailing.com/,(217) 254-6601,https://marine-detail-directory.vercel.app/companies/breezy-auto-and-boat-detailing-llc
Bottoms Up Hull & Prop,Naples,FL,,http://bottomsuphullandprop.com/,(239) 775-9696,https://marine-detail-directory.vercel.app/companies/bottoms-up-hull-and-prop
"Detailers of Naples, LLC",Naples,FL,,http://detailersofnaples.com/,(239) 280-0034,https://marine-detail-directory.vercel.app/companies/detailers-of-naples-llc
Gulf Coast Marine Repair & Service,Naples,FL,,http://www.gulfcoastboatsales.com/,(239) 434-0331,https://marine-detail-directory.vercel.app/companies/gulf-coast-marine-repair-and-service
HOTLINE! NAPLES LLC MARINE AND AUTO DETAILING,Naples,FL,,http://hotlinemarineservice.com/,(239) 641-4308,https://marine-detail-directory.vercel.app/companies/hotline-naples-llc-marine-and-auto-detailing
Maritime Shine Detailing,Naples,FL,,https://maritimeshinedetailing.com/,(239) 272-3955,https://marine-detail-directory.vercel.app/companies/maritime-shine-detailing
Naples Boat Yard,Naples,FL,,http://www.naplesboatyard.com/,(239) 234-1999,https://marine-detail-directory.vercel.app/companies/naples-boat-yard
Pardo Mobile Marine Services,Naples,FL,,https://pardomobilemarineservices.com/,(239) 272-6649,https://marine-detail-directory.vercel.app/companies/pardo-mobile-marine-services
Simply The Best Mobile Detailing,Naples,FL,,http://naplesmobiledetailing.com/,(239) 877-2624,https://marine-detail-directory.vercel.app/companies/simply-the-best-mobile-detailing
So Fresh & So Clean Detailers,Naples,FL,,https://sofreshsocleandetailers.com/?utm_source=GBP&utm_medium=Click&utm_campaign=organic,(833) 239-3774,https://marine-detail-directory.vercel.app/companies/so-fresh-and-so-clean-detailers
ULTIMATE MARINE DETAILING LLC,Naples,FL,,http://boatdetailing.biz/,(941) 323-2691,https://marine-detail-directory.vercel.app/companies/ultimate-marine-detailing-llc
"Absolute Perfection Mobile Detailing,LLC.",Sarasota,FL,,https://www.absoluteperfectionmobiledetailing.com/,(941) 321-4847,https://marine-detail-directory.vercel.app/companies/absolute-perfection-mobile-detailingllc
Boat Envy Mobile Marine Detailing,Sarasota,FL,,https://boatenvydetailing.com/,(941) 549-7722,https://marine-detail-directory.vercel.app/companies/boat-envy-mobile-marine-detailing
Boat Guys of Sarasota,Sarasota,FL,,http://www.boatguys.com/,(941) 444-6083,https://marine-detail-directory.vercel.app/companies/boat-guys-of-sarasota
Boat cleaning and detailing,Sarasota,FL,,https://www.affordableboatdetail.com/contact/,(941) 914-8706,https://marine-detail-directory.vercel.app/companies/boat-cleaning-and-detailing
D-Best Auto & Marine Detailing,Sarasota,FL,,https://dbestautomarinedetailing.com/,(941) 321-9776,https://marine-detail-directory.vercel.app/companies/d-best-auto-and-marine-detailing
Davis Bros. Marine Services,Sarasota,FL,,http://davisbrosmarine.com/?utm_source=google&utm_medium=wix_google_business_profile&utm_campaign=15339120222167962332,(941) 800-5151,https://marine-detail-directory.vercel.app/companies/davis-bros-marine-services
ELC Detailing Sarasota,Sarasota,FL,,http://www.elcdetailing.com/,(941) 993-7250,https://marine-detail-directory.vercel.app/companies/elc-detailing-sarasota
Florida Sudz - Sarasota Mobile Detailing,Sarasota,FL,,https://www.floridasudz.com/mobile-car-detailing-sarasota,(870) 740-7671,https://marine-detail-directory.vercel.app/companies/florida-sudz-sarasota-mobile-detailing
Marine Detail Supply Company Sarasota,Sarasota,FL,,http://www.marinedetailsupplysarasota.com/,(941) 210-4555,https://marine-detail-directory.vercel.app/companies/marine-detail-supply-company-sarasota
SRQ Mobile Detailing,Sarasota,FL,,https://srq-mobiledetail.com/,(941) 380-1509,https://marine-detail-directory.vercel.app/companies/srq-mobile-detailing
"Tom's Detailing, LLC.",Sarasota,FL,,https://www.tomsdetailing.com/,(941) 264-8370,https://marine-detail-directory.vercel.app/companies/toms-detailing-llc
Wheelhouse Marine Care | SRQ Marine Detailing,Sarasota,FL,,http://www.wheelhousemarineservices.com/,(941) 320-3536,https://marine-detail-directory.vercel.app/companies/wheelhouse-marine-care-or-srq-marine-detailing
Armor Yacht Detailing,Stuart,FL,,http://www.facebook.com/yachtcareinc,(772) 559-7521,https://marine-detail-directory.vercel.app/companies/armor-yacht-detailing
Atlantic Yacht Management | Detailing & Ceramic,Stuart,FL,,http://www.atlanticyacht-management.com/,(561) 529-1828,https://marine-detail-directory.vercel.app/companies/atlantic-yacht-management-or-detailing-and-ceramic
B & S Auto Detailing & Ceramic Coating,Stuart,FL,,http://bnsautodetailing.com/,(772) 265-6224,https://marine-detail-directory.vercel.app/companies/b-and-s-auto-detailing-and-ceramic-coating
"Barracuda Boat Care, Inc.",Stuart,FL,,http://www.barracudaboatcare.com/,(772) 287-2232,https://marine-detail-directory.vercel.app/companies/barracuda-boat-care-inc
Boat Repair,Stuart,FL,,https://www.abrfl.com/contact,(772) 631-0576,https://marine-detail-directory.vercel.app/companies/boat-repair
Cameruski's Auto Detailing LLC,Stuart,FL,,https://www.camskisdetailing.com/,(772) 634-7374,https://marine-detail-directory.vercel.app/companies/cameruskis-auto-detailing-llc
Dockside Marine Services,Stuart,FL,,https://docksidemarineservices.net/,(772) 834-3346,https://marine-detail-directory.vercel.app/companies/dockside-marine-services
Finn's Boat Detailing,Stuart,FL,,https://www.facebook.com/Finnsboatdetailing/,(772) 206-5667,https://marine-detail-directory.vercel.app/companies/finns-boat-detailing
First Marine Yacht,Stuart,FL,,https://www.firstmarineyacht.com/,(772) 291-2715,https://marine-detail-directory.vercel.app/companies/first-marine-yacht
Florida's Finest Detailing LLC,Stuart,FL,,http://www.floridasfinestdetailing.com/,(772) 672-0081,https://marine-detail-directory.vercel.app/companies/floridas-finest-detailing-llc
Garage Kept Detailing,Stuart,FL,,https://garagekeptpro.com/,(772) 971-3479,https://marine-detail-directory.vercel.app/companies/garage-kept-detailing
Hooked Up BoatWorks,Stuart,FL,,https://hookedupboatworks.com/,(407) 733-6731,https://marine-detail-directory.vercel.app/companies/hooked-up-boatworks
Island Boy Mobile Detailing,Stuart,FL,,https://sale.islandboydetailing.com/home-3161?fbclid=PAAaZ8NSBU7a0nQbFq2gwjuBWpKbaoL-rirwU3gWVKtdz2U-NnMvlPfGsabfU_aem_AeEIkdJORYdtGtIy4znt_hrgg-LsyHuPVdReNeBkMhWvP0amLfSdvxemx2rd-bDKln0,(772) 207-9004,https://marine-detail-directory.vercel.app/companies/island-boy-mobile-detailing
Johnny b good boatworks,Stuart,FL,,https://www.instagram.com/johnnybgoodboatworks/?hl=en,(772) 828-5166,https://marine-detail-directory.vercel.app/companies/johnny-b-good-boatworks
Marine Customs Unlimited,Stuart,FL,,http://marinecustoms.com/,(772) 223-8005,https://marine-detail-directory.vercel.app/companies/marine-customs-unlimited
Marine Detail Supply Stuart,Stuart,FL,,https://www.marinedetailsupplypalmbeach.com/,(561) 985-4801,https://marine-detail-directory.vercel.app/companies/marine-detail-supply-stuart
Port Salerno Marine,Stuart,FL,,https://www.portsalernomarine.com/,(772) 223-5022,https://marine-detail-directory.vercel.app/companies/port-salerno-marine
Premier Marine Underwater Services,Stuart,FL,,http://premiermarinedetailing.com/,(386) 220-3420,https://marine-detail-directory.vercel.app/companies/premier-marine-underwater-services
Premier Yacht Management,Stuart,FL,,https://www.premieryachtmanagement.com/,(856) 232-0404,https://marine-detail-directory.vercel.app/companies/premier-yacht-management
Ray Boats LLC,Stuart,FL,,https://www.rayboats.com/,(772) 254-5082,https://marine-detail-directory.vercel.app/companies/ray-boats-llc
Red 2 Green Marine Service,Stuart,FL,,http://www.red2greenmarineservice.com/,(561) 339-7516,https://marine-detail-directory.vercel.app/companies/red-2-green-marine-service
Sailfish Marine Services,Stuart,FL,,http://www.sailfishmarinastuart.com/,(772) 283-1122,https://marine-detail-directory.vercel.app/companies/sailfish-marine-services
Simply Yachts LLC,Stuart,FL,,https://simplyyachtsllc.com/,(772) 247-7248,https://marine-detail-directory.vercel.app/companies/simply-yachts-llc
Spencer Christopher Yacht Management,Stuart,FL,,https://scyachtmanagement.com/,(772) 631-0000,https://marine-detail-directory.vercel.app/companies/spencer-christopher-yacht-management
Squeaky Clean Mobile Yacht Inc,Stuart,FL,,http://squeakycleanmarine.com/,(772) 283-6299,https://marine-detail-directory.vercel.app/companies/squeaky-clean-mobile-yacht-inc
Tarpon Detailing,Stuart,FL,,https://tarpondetailing.com/,(772) 828-1128,https://marine-detail-directory.vercel.app/companies/tarpon-detailing
The Executive Image Ceramic Coating & Mobile Detailing,Stuart,FL,,https://m.facebook.com/Theexecutivedetailer/,(772) 631-1339,https://marine-detail-directory.vercel.app/companies/the-executive-image-ceramic-coating-and-mobile-detailing
The Mobile Mariner,Stuart,FL,,https://www.themobilemariner.com/contact,(772) 243-0086,https://marine-detail-directory.vercel.app/companies/the-mobile-mariner
Topside Boat Cleaning LLC,Stuart,FL,,http://topsideboatcleaning.com/,(772) 321-2324,https://marine-detail-directory.vercel.app/companies/topside-boat-cleaning-llc
Treasure Coast Boat and Yacht Detailing,Stuart,FL,,https://www.tcboatdetailing.com/contact,(785) 289-5209,https://marine-detail-directory.vercel.app/companies/treasure-coast-boat-and-yacht-detailing
Yacht tender love and care,Stuart,FL,,https://tenderepair.com/,(330) 646-8496,https://marine-detail-directory.vercel.app/companies/yacht-tender-love-and-care
Aquatic Detailing of Tampa Bay,Tampa,FL,,https://aquaticdetailing.com/,(727) 492-3666,https://marine-detail-directory.vercel.app/companies/aquatic-detailing-of-tampa-bay
Attention 2 Detail Yacht Works,Tampa,FL,,http://attn2detailfl.com/,(740) 630-7609,https://marine-detail-directory.vercel.app/companies/attention-2-detail-yacht-works
Detail Doctor of Tampa Bay,Tampa,FL,,https://mydetaildoctor.com/?utm_source=GBP,(727) 492-7050,https://marine-detail-directory.vercel.app/companies/detail-doctor-of-tampa-bay
High Tide Detail,Tampa,FL,,https://www.hightidedetail.us/,(470) 525-9865,https://marine-detail-directory.vercel.app/companies/high-tide-detail
LSA Boat Detailing,Tampa,FL,,http://lsadetailing.com/,(727) 831-4842,https://marine-detail-directory.vercel.app/companies/lsa-boat-detailing
Landon Diving Services and Boat Detailing,Tampa,FL,,https://landonhulldiver.com/,(727) 415-5593,https://marine-detail-directory.vercel.app/companies/landon-diving-services-and-boat-detailing
Marine Detail Supply Company,Tampa,FL,,https://marinedetailsupplytb.com/,(954) 609-0797,https://marine-detail-directory.vercel.app/companies/marine-detail-supply-company
Palomo Boat Repair & Detailing,Tampa,FL,,http://palomoboatrepair.com/,(813) 428-2494,https://marine-detail-directory.vercel.app/companies/palomo-boat-repair-and-detailing
Platinum Boat & Yacht Detailing LLC,Tampa,FL,,https://platinumboatandyachtdetailing.com/,(727) 254-8997,https://marine-detail-directory.vercel.app/companies/platinum-boat-and-yacht-detailing-llc
Rick's Boat Detailing LLC,Tampa,FL,,https://ricksboatdetailingllc.godaddysites.com/,(727) 333-1612,https://marine-detail-directory.vercel.app/companies/ricks-boat-detailing-llc
Sarasota Boat Detailing LLC,Tampa,FL,,http://www.sarasotaboatdetailing.com/,(941) 400-7897,https://marine-detail-directory.vercel.app/companies/sarasota-boat-detailing-llc
Smc marine detailing,Tampa,FL,,http://www.smcmarinedetailing.com/,(727) 385-6623,https://marine-detail-directory.vercel.app/companies/smc-marine-detailing
Superior Boat Detailing,Tampa,FL,,http://www.superiorboatdetailing.com/,(727) 710-8268,https://marine-detail-directory.vercel.app/companies/superior-boat-detailing
Tommy's Marine Detailing,Tampa,FL,,http://tommysmarinedetailing.com/,(727) 331-0941,https://marine-detail-directory.vercel.app/companies/tommys-marine-detailing